Workbook

Sheet 說明
B2: 牙醫體系 — 統一出勤表 使用說明
B4: 這份檔案是什麼 | C4: 全體系共用的月班表範本。統一的是「欄位」與「班別代碼」,不是逼各院所用同一種排班方式。 醫師用診次計、助理與醫護長用工時計,兩者共用同一套代碼,統計才能橫向比較。
B5: 分頁怎麼用 | C5: ① 設定 — 班別代碼、院所清單、人員名冊。全體系只有總部可改,各院所不要動。 ② 班表 — 各院所每月填這一頁。只需填黃底格子。 ③ 月結統計 — 全自動,不要手動改(只有「加班時數」那一欄要手填)。
B6: 一間院所一個檔 | C6: 請從本範本「另存新檔」給每間院所各一份,檔名例:2026-10_中山院_出勤表.xlsx。 若要放在同一個檔案內,必須把「班表」與「月結統計」兩個分頁「一起選取後複製」, 否則月結統計會算到別間院所的班表。
B7: 填表順序 | C7: 1. 在「班表」B2 選院所,E2 填年、G2 填月。 2. A 欄用下拉選單選員工編號 → 姓名與職類會自動帶出。 3. D 欄起逐日選班別代碼(下拉選單,不要自己打字)。 4. 檢查第 37~39 列「當日人力」有沒有變紅(助理不足 2 人會示警)。 5. 到「月結統計」把打卡機的加班時數填進黃底欄,月結完成。
B8: 顏色代表什麼 | C8: 黃底 = 你要填的格子 灰底 = 公式自動算,別動 淺藍欄 = 週六/週日 灰色格 = 休假類代碼 綠色格 = 支援他院 粉紅格 = 該日還沒排班(漏排提醒) 紅色格 = 當日人力低於門檻
B9: 交表時程(建議) | C9: 每月 25 日前,各院所醫護長把下月班表交回總部,總部彙整後鎖表。 臨時調班一律在「班表」上改並註記,不要只在 LINE 群講。
B10: ⚠ 法規提醒 | C10: 本表是「預排班表 + 月結統計」。依勞動基準法第 30 條,雇主仍須另備「逐日、記載至分鐘」的 實際出勤紀錄(打卡機或簽到紀錄),並保存 5 年。本表不能取代那份紀錄。 受僱醫師是否適用勞基法,依其僱傭契約與主管機關公告認定,建議請人資或顧問確認後再定義工時欄。
B11: 範例資料 | C11: 「班表」第 6~14 列與「設定」的院所、人員都是範例資料,上線前請整批刪除換成實際名單。 「設定」的班別時間(如早診 09:00-12:00)也請改成貴體系實際的診次時間。

Sheet 設定
B1: 設定表(總部維護,各院所請勿修改)
B3: 一、班別代碼表
B4: 代碼 | C4: 名稱 | D4: 開始 | E4: 結束 | F4: 排班工時 | G4: 診次 | H4: 計出勤 | I4: 類別 | K4: 星期對照 | M4: 職類
B5: D1 | C5: 早診 | D5: 09:00 | E5: 12:00 | F5: 3 | G5: 1 | H5: 1 | I5: 上班 | K5: 日 | M5: 醫師
B6: D2 | C6: 午診 | D6: 14:00 | E6: 17:00 | F6: 3 | G6: 1 | H6: 1 | I6: 上班 | K6: 一 | M6: 醫護長
B7: D3 | C7: 晚診 | D7: 18:00 | E7: 21:00 | F7: 3 | G7: 1 | H7: 1 | I7: 上班 | K7: 二 | M7: 助理
B8: FD | C8: 全日診 | D8: 09:00 | E8: 21:00 | F8: 6 | G8: 2 | H8: 1 | I8: 上班 | K8: 三
B9: A | C9: 早班 | D9: 09:00 | E9: 18:00 | F9: 8 | G9: 0 | H9: 1 | I9: 上班 | K9: 四
B10: P | C10: 晚班 | D10: 13:00 | E10: 21:30 | F10: 8 | G10: 0 | H10: 1 | I10: 上班 | K10: 五
B11: ADM | C11: 行政班 | D11: 09:00 | E11: 18:00 | F11: 8 | G11: 0 | H11: 1 | I11: 上班 | K11: 六
B12: 支 | C12: 支援他院 | D12: — | E12: — | F12: 8 | G12: 2 | H12: 1 | I12: 上班
B13: 訓 | C13: 教育訓練/學會 | D13: — | E13: — | F13: 8 | G13: 0 | H13: 1 | I13: 上班
B14: OFF | C14: 排休 | D14: — | E14: — | F14: 0 | G14: 0 | H14: 0 | I14: 休假
B15: 特 | C15: 特休 | D15: — | E15: — | F15: 0 | G15: 0 | H15: 0 | I15: 休假
B16: 病 | C16: 病假 | D16: — | E16: — | F16: 0 | G16: 0 | H16: 0 | I16: 休假
B17: 事 | C17: 事假 | D17: — | E17: — | F17: 0 | G17: 0 | H17: 0 | I17: 休假
B18: 公 | C18: 公假 | D18: — | E18: — | F18: 0 | G18: 0 | H18: 0 | I18: 休假
B19: 國 | C19: 國定假日 | D19: — | E19: — | F19: 0 | G19: 0 | H19: 0 | I19: 休假
B20: 休 | C20: 休診 | D20: — | E20: — | F20: 0 | G20: 0 | H20: 0 | I20: 休假
B21: ※ 特休/公假為有薪假,以「天數」計,故排班工時記 0,薪資另依請假天數計算。
B24: 二、院所清單
B25: 院所代碼 | C25: 院所名稱 | D25: 負責人 | E25: 電話 | F25: 備註
B26: Z01 | C26: 中山院 | D26: 陳彥廷 | E26: 02-2500-0000 | F26: 總院
B27: Z02 | C27: 板橋院 | D27: 林佳蓉 | E27: 02-2960-0000
B28: Z03 | C28: 竹北院 | D28: 黃冠宇 | E28: 03-558-0000
B29: Z04 | C29: 台中院 | D29: (待補) | E29: 04-2200-0000 | F29: 2026Q4 開幕
B33: 三、人員名冊
B34: 員工編號 | C34: 姓名 | D34: 職類 | E34: 所屬院所 | F34: 到職日 | G34: 備註
B35: D001 | C35: 陳彥廷 | D35: 醫師 | E35: 中山院 | F35: 2019-03-01 | G35: 院長
B36: D002 | C36: 林佳蓉 | D36: 醫師 | E36: 中山院 | F36: 2021-07-15
B37: D003 | C37: 黃冠宇 | D37: 醫師 | E37: 中山院 | F37: 2023-02-01 | G37: 週三支援板橋院
B38: N001 | C38: 吳淑芬 | D38: 醫護長 | E38: 中山院 | F38: 2018-05-06
B39: A001 | C39: 張怡君 | D39: 助理 | E39: 中山院 | F39: 2022-09-01
B40: A002 | C40: 李宗翰 | D40: 助理 | E40: 中山院 | F40: 2023-04-10
B41: A003 | C41: 王思婷 | D41: 助理 | E41: 中山院 | F41: 2024-01-08
B42: A004 | C42: 蔡孟蓉 | D42: 助理 | E42: 中山院 | F42: 2024-11-01
B43: A005 | C43: 許家豪 | D43: 助理 | E43: 中山院 | F43: 2025-06-16 | G43: 兼職

Sheet 班表
A1: 牙醫體系 — 月班表
A2: 院所 | B2: 中山院 | D2: 年 | E2: 2026 | F2: 月 | G2: 10 | I2: ← 黃底= 手動填。日期與星期會自動更新。
A4: 員工編號 | B4: 姓名 | C4: 職類 | D4: =IF(1<=DAY(EOMONTH(DATE($E$2,$G$2,1),0)),1,"") | E4: =IF(2<=DAY(EOMONTH(DATE($E$2,$G$2,1),0)),2,"") | F4: =IF(3<=DAY(EOMONTH(DATE($E$2,$G$2,1),0)),3,"") | G4: =IF(4<=DAY(EOMONTH(DATE($E$2,$G$2,1),0)),4,"") | H4: =IF(5<=DAY(EOMONTH(DATE($E$2,$G$2,1),0)),5,"") | I4: =IF(6<=DAY(EOMONTH(DATE($E$2,$G$2,1),0)),6,"") | J4: =IF(7<=DAY(EOMONTH(DATE($E$2,$G$2,1),0)),7,"") | K4: =IF(8<=DAY(EOMONTH(DATE($E$2,$G$2,1),0)),8,"") | L4: =IF(9<=DAY(EOMONTH(DATE($E$2,$G$2,1),0)),9,"") | M4: =IF(10<=DAY(EOMONTH(DATE($E$2,$G$2,1),0)),10,"") | N4: =IF(11<=DAY(EOMONTH(DATE($E$2,$G$2,1),0)),11,"") | O4: =IF(12<=DAY(EOMONTH(DATE($E$2,$G$2,1),0)),12,"") | P4: =IF(13<=DAY(EOMONTH(DATE($E$2,$G$2,1),0)),13,"") | Q4: =IF(14<=DAY(EOMONTH(DATE($E$2,$G$2,1),0)),14,"") | R4: =IF(15<=DAY(EOMONTH(DATE($E$2,$G$2,1),0)),15,"") | S4: =IF(16<=DAY(EOMONTH(DATE($E$2,$G$2,1),0)),16,"") | T4: =IF(17<=DAY(EOMONTH(DATE($E$2,$G$2,1),0)),17,"") | U4: =IF(18<=DAY(EOMONTH(DATE($E$2,$G$2,1),0)),18,"") | V4: =IF(19<=DAY(EOMONTH(DATE($E$2,$G$2,1),0)),19,"") | W4: =IF(20<=DAY(EOMONTH(DATE($E$2,$G$2,1),0)),20,"") | X4: =IF(21<=DAY(EOMONTH(DATE($E$2,$G$2,1),0)),21,"") | Y4: =IF(22<=DAY(EOMONTH(DATE($E$2,$G$2,1),0)),22,"") | Z4: =IF(23<=DAY(EOMONTH(DATE($E$2,$G$2,1),0)),23,"") | AA4: =IF(24<=DAY(EOMONTH(DATE($E$2,$G$2,1),0)),24,"") | AB4: =IF(25<=DAY(EOMONTH(DATE($E$2,$G$2,1),0)),25,"") | AC4: =IF(26<=DAY(EOMONTH(DATE($E$2,$G$2,1),0)),26,"") | AD4: =IF(27<=DAY(EOMONTH(DATE($E$2,$G$2,1),0)),27,"") | AE4: =IF(28<=DAY(EOMONTH(DATE($E$2,$G$2,1),0)),28,"") | AF4: =IF(29<=DAY(EOMONTH(DATE($E$2,$G$2,1),0)),29,"") | AG4: =IF(30<=DAY(EOMONTH(DATE($E$2,$G$2,1),0)),30,"") | AH4: =IF(31<=DAY(EOMONTH(DATE($E$2,$G$2,1),0)),31,"")
D5: =IF(D$4="","",INDEX(設定!$K$5:$K$11,WEEKDAY(DATE($E$2,$G$2,D$4),1))) | E5: =IF(E$4="","",INDEX(設定!$K$5:$K$11,WEEKDAY(DATE($E$2,$G$2,E$4),1))) | F5: =IF(F$4="","",INDEX(設定!$K$5:$K$11,WEEKDAY(DATE($E$2,$G$2,F$4),1))) | G5: =IF(G$4="","",INDEX(設定!$K$5:$K$11,WEEKDAY(DATE($E$2,$G$2,G$4),1))) | H5: =IF(H$4="","",INDEX(設定!$K$5:$K$11,WEEKDAY(DATE($E$2,$G$2,H$4),1))) | I5: =IF(I$4="","",INDEX(設定!$K$5:$K$11,WEEKDAY(DATE($E$2,$G$2,I$4),1))) | J5: =IF(J$4="","",INDEX(設定!$K$5:$K$11,WEEKDAY(DATE($E$2,$G$2,J$4),1))) | K5: =IF(K$4="","",INDEX(設定!$K$5:$K$11,WEEKDAY(DATE($E$2,$G$2,K$4),1))) | ... AH5: =IF(AH$4="","",INDEX(設定!$K$5:$K$11,WEEKDAY(DATE($E$2,$G$2,AH$4),1)))
A6: D001 | B6: =IFERROR(INDEX(設定!$C$35:$C$64,MATCH($A6,設定!$B$35:$B$64,0)),"") | C6: =IFERROR(INDEX(設定!$D$35:$D$64,MATCH($A6,設定!$B$35:$B$64,0)),"") | D6: D1 | E6: D2 | F6: D3 | G6: 休 | H6: OFF | I6: FD | J6: D1 | K6: D2 | L6: D3 | M6: FD | N6: 休 | O6: OFF | P6: D1 | Q6: D2 | R6: D3 | S6: FD | T6: D2 | U6: 休 | V6: OFF | W6: D2 | X6: D3 | Y6: FD | Z6: D2 | AA6: FD | AB6: 休 | AC6: OFF | AD6: D3 | AE6: FD | AF6: D2 | AG6: FD | AH6: D1
A7: D002 | B7: =IFERROR(INDEX(設定!$C$35:$C$64,MATCH($A7,設定!$B$35:$B$64,0)),"") | C7: =IFERROR(INDEX(設定!$D$35:$D$64,MATCH($A7,設定!$B$35:$B$64,0)),"") | D7: D2 | E7: D3 | F7: FD | G7: 休 | H7: FD | I7: OFF | J7: D2 | K7: D3 | L7: FD | M7: 訓 | N7: 休 | O7: D1 | P7: OFF | Q7: D3 | R7: FD | S7: D2 | T7: FD | U7: 休 | V7: D2 | W7: OFF | X7: FD | Y7: D2 | Z7: FD | AA7: D1 | AB7: 休 | AC7: D3 | AD7: OFF | AE7: D2 | AF7: FD | AG7: D1 | AH7: D2
A8: D003 | B8: =IFERROR(INDEX(設定!$C$35:$C$64,MATCH($A8,設定!$B$35:$B$64,0)),"") | C8: =IFERROR(INDEX(設定!$D$35:$D$64,MATCH($A8,設定!$B$35:$B$64,0)),"") | D8: D3 | E8: FD | F8: D2 | G8: 休 | H8: D1 | I8: D2 | J8: OFF | K8: FD | L8: D2 | M8: FD | N8: 休 | O8: D2 | P8: D3 | Q8: OFF | R8: D2 | S8: FD | T8: D1 | U8: 休 | V8: D3 | W8: FD | X8: OFF | Y8: FD | Z8: D1 | AA8: D2 | AB8: 休 | AC8: FD | AD8: D2 | AE8: OFF | AF8: D1 | AG8: D2 | AH8: D3
A9: N001 | B9: =IFERROR(INDEX(設定!$C$35:$C$64,MATCH($A9,設定!$B$35:$B$64,0)),"") | C9: =IFERROR(INDEX(設定!$D$35:$D$64,MATCH($A9,設定!$B$35:$B$64,0)),"") | D9: ADM | E9: A | F9: A | G9: OFF | H9: A | I9: A | J9: 特 | K9: ADM | L9: A | M9: A | N9: OFF | O9: A | P9: A | Q9: A | R9: ADM | S9: A | T9: A | U9: OFF | V9: A | W9: A | X9: A | Y9: ADM | Z9: A | AA9: A | AB9: OFF | AC9: A | AD9: A | AE9: A | AF9: ADM | AG9: A | AH9: A
A10: A001 | B10: =IFERROR(INDEX(設定!$C$35:$C$64,MATCH($A10,設定!$B$35:$B$64,0)),"") | C10: =IFERROR(INDEX(設定!$D$35:$D$64,MATCH($A10,設定!$B$35:$B$64,0)),"") | D10: P | E10: A | F10: P | G10: OFF | H10: OFF | I10: A | J10: P | K10: A | L10: P | M10: A | N10: OFF | O10: OFF | P10: P | Q10: A | R10: 特 | S10: A | T10: P | U10: OFF | V10: OFF | W10: A | X10: P | Y10: A | Z10: P | AA10: A | AB10: OFF | AC10: OFF | AD10: P | AE10: A | AF10: P | AG10: A | AH10: P
A11: A002 | B11: =IFERROR(INDEX(設定!$C$35:$C$64,MATCH($A11,設定!$B$35:$B$64,0)),"") | C11: =IFERROR(INDEX(設定!$D$35:$D$64,MATCH($A11,設定!$B$35:$B$64,0)),"") | D11: A | E11: P | F11: A | G11: OFF | H11: A | I11: OFF | J11: A | K11: P | L11: A | M11: P | N11: OFF | O11: P | P11: OFF | Q11: P | R11: A | S11: P | T11: A | U11: OFF | V11: A | W11: OFF | X11: A | Y11: P | Z11: A | AA11: P | AB11: OFF | AC11: P | AD11: OFF | AE11: P | AF11: A | AG11: P | AH11: A
A12: A003 | B12: =IFERROR(INDEX(設定!$C$35:$C$64,MATCH($A12,設定!$B$35:$B$64,0)),"") | C12: =IFERROR(INDEX(設定!$D$35:$D$64,MATCH($A12,設定!$B$35:$B$64,0)),"") | D12: P | E12: A | F12: P | G12: OFF | H12: P | I12: A | J12: OFF | K12: A | L12: P | M12: A | N12: OFF | O12: A | P12: P | Q12: OFF | R12: P | S12: A | T12: P | U12: OFF | V12: P | W12: A | X12: OFF | Y12: 病 | Z12: P | AA12: A | AB12: OFF | AC12: A | AD12: P | AE12: OFF | AF12: P | AG12: A | AH12: P
A13: A004 | B13: =IFERROR(INDEX(設定!$C$35:$C$64,MATCH($A13,設定!$B$35:$B$64,0)),"") | C13: =IFERROR(INDEX(設定!$D$35:$D$64,MATCH($A13,設定!$B$35:$B$64,0)),"") | D13: OFF | E13: P | F13: A | G13: OFF | H13: A | I13: P | J13: A | K13: OFF | L13: A | M13: P | N13: OFF | O13: P | P13: A | Q13: P | R13: OFF | S13: P | T13: A | U13: OFF | V13: A | W13: P | X13: A | Y13: OFF | Z13: A | AA13: P | AB13: OFF | AC13: P | AD13: A | AE13: P | AF13: OFF | AG13: P | AH13: A
A14: A005 | B14: =IFERROR(INDEX(設定!$C$35:$C$64,MATCH($A14,設定!$B$35:$B$64,0)),"") | C14: =IFERROR(INDEX(設定!$D$35:$D$64,MATCH($A14,設定!$B$35:$B$64,0)),"") | D14: P | E14: OFF | F14: P | G14: OFF | H14: P | I14: A | J14: P | K14: A | L14: OFF | M14: A | N14: OFF | O14: A | P14: P | Q14: A | R14: P | S14: OFF | T14: P | U14: OFF | V14: P | W14: A | X14: P | Y14: A | Z14: OFF | AA14: A | AB14: OFF | AC14: A | AD14: P | AE14: A | AF14: P | AG14: OFF | AH14: P
B15: =IFERROR(INDEX(設定!$C$35:$C$64,MATCH($A15,設定!$B$35:$B$64,0)),"") | C15: =IFERROR(INDEX(設定!$D$35:$D$64,MATCH($A15,設定!$B$35:$B$64,0)),"")
B16: =IFERROR(INDEX(設定!$C$35:$C$64,MATCH($A16,設定!$B$35:$B$64,0)),"") | C16: =IFERROR(INDEX(設定!$D$35:$D$64,MATCH($A16,設定!$B$35:$B$64,0)),"")
B17: =IFERROR(INDEX(設定!$C$35:$C$64,MATCH($A17,設定!$B$35:$B$64,0)),"") | C17: =IFERROR(INDEX(設定!$D$35:$D$64,MATCH($A17,設定!$B$35:$B$64,0)),"")
B18: =IFERROR(INDEX(設定!$C$35:$C$64,MATCH($A18,設定!$B$35:$B$64,0)),"") | C18: =IFERROR(INDEX(設定!$D$35:$D$64,MATCH($A18,設定!$B$35:$B$64,0)),"")
B19: =IFERROR(INDEX(設定!$C$35:$C$64,MATCH($A19,設定!$B$35:$B$64,0)),"") | C19: =IFERROR(INDEX(設定!$D$35:$D$64,MATCH($A19,設定!$B$35:$B$64,0)),"")
B20: =IFERROR(INDEX(設定!$C$35:$C$64,MATCH($A20,設定!$B$35:$B$64,0)),"") | C20: =IFERROR(INDEX(設定!$D$35:$D$64,MATCH($A20,設定!$B$35:$B$64,0)),"")
B21: =IFERROR(INDEX(設定!$C$35:$C$64,MATCH($A21,設定!$B$35:$B$64,0)),"") | C21: =IFERROR(INDEX(設定!$D$35:$D$64,MATCH($A21,設定!$B$35:$B$64,0)),"")
B22: =IFERROR(INDEX(設定!$C$35:$C$64,MATCH($A22,設定!$B$35:$B$64,0)),"") | C22: =IFERROR(INDEX(設定!$D$35:$D$64,MATCH($A22,設定!$B$35:$B$64,0)),"")
B23: =IFERROR(INDEX(設定!$C$35:$C$64,MATCH($A23,設定!$B$35:$B$64,0)),"") | C23: =IFERROR(INDEX(設定!$D$35:$D$64,MATCH($A23,設定!$B$35:$B$64,0)),"")
B24: =IFERROR(INDEX(設定!$C$35:$C$64,MATCH($A24,設定!$B$35:$B$64,0)),"") | C24: =IFERROR(INDEX(設定!$D$35:$D$64,MATCH($A24,設定!$B$35:$B$64,0)),"")
B25: =IFERROR(INDEX(設定!$C$35:$C$64,MATCH($A25,設定!$B$35:$B$64,0)),"") | C25: =IFERROR(INDEX(設定!$D$35:$D$64,MATCH($A25,設定!$B$35:$B$64,0)),"")
B26: =IFERROR(INDEX(設定!$C$35:$C$64,MATCH($A26,設定!$B$35:$B$64,0)),"") | C26: =IFERROR(INDEX(設定!$D$35:$D$64,MATCH($A26,設定!$B$35:$B$64,0)),"")
... B35: =IFERROR(INDEX(設定!$C$35:$C$64,MATCH($A35,設定!$B$35:$B$64,0)),"") | C35: =IFERROR(INDEX(設定!$D$35:$D$64,MATCH($A35,設定!$B$35:$B$64,0)),"")
A36: 人力檢核(自動計算)
A37: 當日醫師人數 | D37: =IF(D$4="","",SUMPRODUCT(($C$6:$C$35="醫師")*(COUNTIF(設定!$B$5:$B$13,D$6:D$35)>0))) | E37: =IF(E$4="","",SUMPRODUCT(($C$6:$C$35="醫師")*(COUNTIF(設定!$B$5:$B$13,E$6:E$35)>0))) | F37: =IF(F$4="","",SUMPRODUCT(($C$6:$C$35="醫師")*(COUNTIF(設定!$B$5:$B$13,F$6:F$35)>0))) | G37: =IF(G$4="","",SUMPRODUCT(($C$6:$C$35="醫師")*(COUNTIF(設定!$B$5:$B$13,G$6:G$35)>0))) | H37: =IF(H$4="","",SUMPRODUCT(($C$6:$C$35="醫師")*(COUNTIF(設定!$B$5:$B$13,H$6:H$35)>0))) | I37: =IF(I$4="","",SUMPRODUCT(($C$6:$C$35="醫師")*(COUNTIF(設定!$B$5:$B$13,I$6:I$35)>0))) | J37: =IF(J$4="","",SUMPRODUCT(($C$6:$C$35="醫師")*(COUNTIF(設定!$B$5:$B$13,J$6:J$35)>0))) | K37: =IF(K$4="","",SUMPRODUCT(($C$6:$C$35="醫師")*(COUNTIF(設定!$B$5:$B$13,K$6:K$35)>0))) | ... AH37: =IF(AH$4="","",SUMPRODUCT(($C$6:$C$35="醫師")*(COUNTIF(設定!$B$5:$B$13,AH$6:AH$35)>0)))
A38: 當日助理/醫護長人數 | D38: =IF(D$4="","",SUMPRODUCT((($C$6:$C$35="助理")+($C$6:$C$35="醫護長"))*(COUNTIF(設定!$B$5:$B$13,D$6:D$35)>0))) | E38: =IF(E$4="","",SUMPRODUCT((($C$6:$C$35="助理")+($C$6:$C$35="醫護長"))*(COUNTIF(設定!$B$5:$B$13,E$6:E$35)>0))) | F38: =IF(F$4="","",SUMPRODUCT((($C$6:$C$35="助理")+($C$6:$C$35="醫護長"))*(COUNTIF(設定!$B$5:$B$13,F$6:F$35)>0))) | G38: =IF(G$4="","",SUMPRODUCT((($C$6:$C$35="助理")+($C$6:$C$35="醫護長"))*(COUNTIF(設定!$B$5:$B$13,G$6:G$35)>0))) | H38: =IF(H$4="","",SUMPRODUCT((($C$6:$C$35="助理")+($C$6:$C$35="醫護長"))*(COUNTIF(設定!$B$5:$B$13,H$6:H$35)>0))) | I38: =IF(I$4="","",SUMPRODUCT((($C$6:$C$35="助理")+($C$6:$C$35="醫護長"))*(COUNTIF(設定!$B$5:$B$13,I$6:I$35)>0))) | J38: =IF(J$4="","",SUMPRODUCT((($C$6:$C$35="助理")+($C$6:$C$35="醫護長"))*(COUNTIF(設定!$B$5:$B$13,J$6:J$35)>0))) | K38: =IF(K$4="","",SUMPRODUCT((($C$6:$C$35="助理")+($C$6:$C$35="醫護長"))*(COUNTIF(設定!$B$5:$B$13,K$6:K$35)>0))) | ... AH38: =IF(AH$4="","",SUMPRODUCT((($C$6:$C$35="助理")+($C$6:$C$35="醫護長"))*(COUNTIF(設定!$B$5:$B$13,AH$6:AH$35)>0)))
A39: 當日總人力 | D39: =IF(D$4="","",D37+D38) | E39: =IF(E$4="","",E37+E38) | F39: =IF(F$4="","",F37+F38) | G39: =IF(G$4="","",G37+G38) | H39: =IF(H$4="","",H37+H38) | I39: =IF(I$4="","",I37+I38) | J39: =IF(J$4="","",J37+J38) | K39: =IF(K$4="","",K37+K38) | ... AH39: =IF(AH$4="","",AH37+AH38)
A41: ※ 門檻設定:有看診的日子至少 1 位醫師、2 位助理/醫護長,低於門檻自動變紅;全院休診日不會示警。要調門檻請改第 37~38 列的條件式格式。

Sheet 月結統計
A1: 月結統計(自動計算,僅「加班時數」需手填)
A2: 院所 | B2: =班表!B2 | C2: 期間 | D2: =班表!E2&"年"&班表!G2&"月"
A4: 員工編號 | B4: 姓名 | C4: 職類 | D4: 出勤天數 | E4: 排班工時 | F4: 總診次 | G4: 排休 | H4: 特休 | I4: 病假 | J4: 事假 | K4: 公假 | L4: 國定假日 | M4: 支援他院 | N4: 加班時數 | O4: 實際工時 | P4: 排班完整度檢核
A5: =IF(班表!$A6="","",班表!$A6) | B5: =IF($A5="","",班表!$B6) | C5: =IF($A5="","",班表!$C6) | D5: =IF($A5="","",SUMPRODUCT(COUNTIF(班表!$D6:$AH6,設定!$B$5:$B$20),設定!$H$5:$H$20)) | E5: =IF($A5="","",SUMPRODUCT(COUNTIF(班表!$D6:$AH6,設定!$B$5:$B$20),設定!$F$5:$F$20)) | F5: =IF($A5="","",SUMPRODUCT(COUNTIF(班表!$D6:$AH6,設定!$B$5:$B$20),設定!$G$5:$G$20)) | G5: =IF($A5="","",COUNTIF(班表!$D6:$AH6,"OFF")) | H5: =IF($A5="","",COUNTIF(班表!$D6:$AH6,"特")) | I5: =IF($A5="","",COUNTIF(班表!$D6:$AH6,"病")) | J5: =IF($A5="","",COUNTIF(班表!$D6:$AH6,"事")) | K5: =IF($A5="","",COUNTIF(班表!$D6:$AH6,"公")) | L5: =IF($A5="","",COUNTIF(班表!$D6:$AH6,"國")) | M5: =IF($A5="","",COUNTIF(班表!$D6:$AH6,"支")) | N5: 0 | O5: =IF($A5="","",$E5+$N5) | P5: =IF($A5="","",IF(COUNTA(班表!$D6:$AH6)=DAY(EOMONTH(DATE(班表!$E$2,班表!$G$2,1),0)),"OK","⚠ 缺"&(DAY(EOMONTH(DATE(班表!$E$2,班表!$G$2,1),0))-COUNTA(班表!$D6:$AH6))&"天"))
A6: =IF(班表!$A7="","",班表!$A7) | B6: =IF($A6="","",班表!$B7) | C6: =IF($A6="","",班表!$C7) | D6: =IF($A6="","",SUMPRODUCT(COUNTIF(班表!$D7:$AH7,設定!$B$5:$B$20),設定!$H$5:$H$20)) | E6: =IF($A6="","",SUMPRODUCT(COUNTIF(班表!$D7:$AH7,設定!$B$5:$B$20),設定!$F$5:$F$20)) | F6: =IF($A6="","",SUMPRODUCT(COUNTIF(班表!$D7:$AH7,設定!$B$5:$B$20),設定!$G$5:$G$20)) | G6: =IF($A6="","",COUNTIF(班表!$D7:$AH7,"OFF")) | H6: =IF($A6="","",COUNTIF(班表!$D7:$AH7,"特")) | I6: =IF($A6="","",COUNTIF(班表!$D7:$AH7,"病")) | J6: =IF($A6="","",COUNTIF(班表!$D7:$AH7,"事")) | K6: =IF($A6="","",COUNTIF(班表!$D7:$AH7,"公")) | L6: =IF($A6="","",COUNTIF(班表!$D7:$AH7,"國")) | M6: =IF($A6="","",COUNTIF(班表!$D7:$AH7,"支")) | N6: 0 | O6: =IF($A6="","",$E6+$N6) | P6: =IF($A6="","",IF(COUNTA(班表!$D7:$AH7)=DAY(EOMONTH(DATE(班表!$E$2,班表!$G$2,1),0)),"OK","⚠ 缺"&(DAY(EOMONTH(DATE(班表!$E$2,班表!$G$2,1),0))-COUNTA(班表!$D7:$AH7))&"天"))
A7: =IF(班表!$A8="","",班表!$A8) | B7: =IF($A7="","",班表!$B8) | C7: =IF($A7="","",班表!$C8) | D7: =IF($A7="","",SUMPRODUCT(COUNTIF(班表!$D8:$AH8,設定!$B$5:$B$20),設定!$H$5:$H$20)) | E7: =IF($A7="","",SUMPRODUCT(COUNTIF(班表!$D8:$AH8,設定!$B$5:$B$20),設定!$F$5:$F$20)) | F7: =IF($A7="","",SUMPRODUCT(COUNTIF(班表!$D8:$AH8,設定!$B$5:$B$20),設定!$G$5:$G$20)) | G7: =IF($A7="","",COUNTIF(班表!$D8:$AH8,"OFF")) | H7: =IF($A7="","",COUNTIF(班表!$D8:$AH8,"特")) | I7: =IF($A7="","",COUNTIF(班表!$D8:$AH8,"病")) | J7: =IF($A7="","",COUNTIF(班表!$D8:$AH8,"事")) | K7: =IF($A7="","",COUNTIF(班表!$D8:$AH8,"公")) | L7: =IF($A7="","",COUNTIF(班表!$D8:$AH8,"國")) | M7: =IF($A7="","",COUNTIF(班表!$D8:$AH8,"支")) | N7: 0 | O7: =IF($A7="","",$E7+$N7) | P7: =IF($A7="","",IF(COUNTA(班表!$D8:$AH8)=DAY(EOMONTH(DATE(班表!$E$2,班表!$G$2,1),0)),"OK","⚠ 缺"&(DAY(EOMONTH(DATE(班表!$E$2,班表!$G$2,1),0))-COUNTA(班表!$D8:$AH8))&"天"))
A8: =IF(班表!$A9="","",班表!$A9) | B8: =IF($A8="","",班表!$B9) | C8: =IF($A8="","",班表!$C9) | D8: =IF($A8="","",SUMPRODUCT(COUNTIF(班表!$D9:$AH9,設定!$B$5:$B$20),設定!$H$5:$H$20)) | E8: =IF($A8="","",SUMPRODUCT(COUNTIF(班表!$D9:$AH9,設定!$B$5:$B$20),設定!$F$5:$F$20)) | F8: =IF($A8="","",SUMPRODUCT(COUNTIF(班表!$D9:$AH9,設定!$B$5:$B$20),設定!$G$5:$G$20)) | G8: =IF($A8="","",COUNTIF(班表!$D9:$AH9,"OFF")) | H8: =IF($A8="","",COUNTIF(班表!$D9:$AH9,"特")) | I8: =IF($A8="","",COUNTIF(班表!$D9:$AH9,"病")) | J8: =IF($A8="","",COUNTIF(班表!$D9:$AH9,"事")) | K8: =IF($A8="","",COUNTIF(班表!$D9:$AH9,"公")) | L8: =IF($A8="","",COUNTIF(班表!$D9:$AH9,"國")) | M8: =IF($A8="","",COUNTIF(班表!$D9:$AH9,"支")) | N8: 0 | O8: =IF($A8="","",$E8+$N8) | P8: =IF($A8="","",IF(COUNTA(班表!$D9:$AH9)=DAY(EOMONTH(DATE(班表!$E$2,班表!$G$2,1),0)),"OK","⚠ 缺"&(DAY(EOMONTH(DATE(班表!$E$2,班表!$G$2,1),0))-COUNTA(班表!$D9:$AH9))&"天"))
A9: =IF(班表!$A10="","",班表!$A10) | B9: =IF($A9="","",班表!$B10) | C9: =IF($A9="","",班表!$C10) | D9: =IF($A9="","",SUMPRODUCT(COUNTIF(班表!$D10:$AH10,設定!$B$5:$B$20),設定!$H$5:$H$20)) | E9: =IF($A9="","",SUMPRODUCT(COUNTIF(班表!$D10:$AH10,設定!$B$5:$B$20),設定!$F$5:$F$20)) | F9: =IF($A9="","",SUMPRODUCT(COUNTIF(班表!$D10:$AH10,設定!$B$5:$B$20),設定!$G$5:$G$20)) | G9: =IF($A9="","",COUNTIF(班表!$D10:$AH10,"OFF")) | H9: =IF($A9="","",COUNTIF(班表!$D10:$AH10,"特")) | I9: =IF($A9="","",COUNTIF(班表!$D10:$AH10,"病")) | J9: =IF($A9="","",COUNTIF(班表!$D10:$AH10,"事")) | K9: =IF($A9="","",COUNTIF(班表!$D10:$AH10,"公")) | L9: =IF($A9="","",COUNTIF(班表!$D10:$AH10,"國")) | M9: =IF($A9="","",COUNTIF(班表!$D10:$AH10,"支")) | N9: 0 | O9: =IF($A9="","",$E9+$N9) | P9: =IF($A9="","",IF(COUNTA(班表!$D10:$AH10)=DAY(EOMONTH(DATE(班表!$E$2,班表!$G$2,1),0)),"OK","⚠ 缺"&(DAY(EOMONTH(DATE(班表!$E$2,班表!$G$2,1),0))-COUNTA(班表!$D10:$AH10))&"天"))
A10: =IF(班表!$A11="","",班表!$A11) | B10: =IF($A10="","",班表!$B11) | C10: =IF($A10="","",班表!$C11) | D10: =IF($A10="","",SUMPRODUCT(COUNTIF(班表!$D11:$AH11,設定!$B$5:$B$20),設定!$H$5:$H$20)) | E10: =IF($A10="","",SUMPRODUCT(COUNTIF(班表!$D11:$AH11,設定!$B$5:$B$20),設定!$F$5:$F$20)) | F10: =IF($A10="","",SUMPRODUCT(COUNTIF(班表!$D11:$AH11,設定!$B$5:$B$20),設定!$G$5:$G$20)) | G10: =IF($A10="","",COUNTIF(班表!$D11:$AH11,"OFF")) | H10: =IF($A10="","",COUNTIF(班表!$D11:$AH11,"特")) | I10: =IF($A10="","",COUNTIF(班表!$D11:$AH11,"病")) | J10: =IF($A10="","",COUNTIF(班表!$D11:$AH11,"事")) | K10: =IF($A10="","",COUNTIF(班表!$D11:$AH11,"公")) | L10: =IF($A10="","",COUNTIF(班表!$D11:$AH11,"國")) | M10: =IF($A10="","",COUNTIF(班表!$D11:$AH11,"支")) | N10: 0 | O10: =IF($A10="","",$E10+$N10) | P10: =IF($A10="","",IF(COUNTA(班表!$D11:$AH11)=DAY(EOMONTH(DATE(班表!$E$2,班表!$G$2,1),0)),"OK","⚠ 缺"&(DAY(EOMONTH(DATE(班表!$E$2,班表!$G$2,1),0))-COUNTA(班表!$D11:$AH11))&"天"))
A11: =IF(班表!$A12="","",班表!$A12) | B11: =IF($A11="","",班表!$B12) | C11: =IF($A11="","",班表!$C12) | D11: =IF($A11="","",SUMPRODUCT(COUNTIF(班表!$D12:$AH12,設定!$B$5:$B$20),設定!$H$5:$H$20)) | E11: =IF($A11="","",SUMPRODUCT(COUNTIF(班表!$D12:$AH12,設定!$B$5:$B$20),設定!$F$5:$F$20)) | F11: =IF($A11="","",SUMPRODUCT(COUNTIF(班表!$D12:$AH12,設定!$B$5:$B$20),設定!$G$5:$G$20)) | G11: =IF($A11="","",COUNTIF(班表!$D12:$AH12,"OFF")) | H11: =IF($A11="","",COUNTIF(班表!$D12:$AH12,"特")) | I11: =IF($A11="","",COUNTIF(班表!$D12:$AH12,"病")) | J11: =IF($A11="","",COUNTIF(班表!$D12:$AH12,"事")) | K11: =IF($A11="","",COUNTIF(班表!$D12:$AH12,"公")) | L11: =IF($A11="","",COUNTIF(班表!$D12:$AH12,"國")) | M11: =IF($A11="","",COUNTIF(班表!$D12:$AH12,"支")) | N11: 0 | O11: =IF($A11="","",$E11+$N11) | P11: =IF($A11="","",IF(COUNTA(班表!$D12:$AH12)=DAY(EOMONTH(DATE(班表!$E$2,班表!$G$2,1),0)),"OK","⚠ 缺"&(DAY(EOMONTH(DATE(班表!$E$2,班表!$G$2,1),0))-COUNTA(班表!$D12:$AH12))&"天"))
A12: =IF(班表!$A13="","",班表!$A13) | B12: =IF($A12="","",班表!$B13) | C12: =IF($A12="","",班表!$C13) | D12: =IF($A12="","",SUMPRODUCT(COUNTIF(班表!$D13:$AH13,設定!$B$5:$B$20),設定!$H$5:$H$20)) | E12: =IF($A12="","",SUMPRODUCT(COUNTIF(班表!$D13:$AH13,設定!$B$5:$B$20),設定!$F$5:$F$20)) | F12: =IF($A12="","",SUMPRODUCT(COUNTIF(班表!$D13:$AH13,設定!$B$5:$B$20),設定!$G$5:$G$20)) | G12: =IF($A12="","",COUNTIF(班表!$D13:$AH13,"OFF")) | H12: =IF($A12="","",COUNTIF(班表!$D13:$AH13,"特")) | I12: =IF($A12="","",COUNTIF(班表!$D13:$AH13,"病")) | J12: =IF($A12="","",COUNTIF(班表!$D13:$AH13,"事")) | K12: =IF($A12="","",COUNTIF(班表!$D13:$AH13,"公")) | L12: =IF($A12="","",COUNTIF(班表!$D13:$AH13,"國")) | M12: =IF($A12="","",COUNTIF(班表!$D13:$AH13,"支")) | N12: 0 | O12: =IF($A12="","",$E12+$N12) | P12: =IF($A12="","",IF(COUNTA(班表!$D13:$AH13)=DAY(EOMONTH(DATE(班表!$E$2,班表!$G$2,1),0)),"OK","⚠ 缺"&(DAY(EOMONTH(DATE(班表!$E$2,班表!$G$2,1),0))-COUNTA(班表!$D13:$AH13))&"天"))
A13: =IF(班表!$A14="","",班表!$A14) | B13: =IF($A13="","",班表!$B14) | C13: =IF($A13="","",班表!$C14) | D13: =IF($A13="","",SUMPRODUCT(COUNTIF(班表!$D14:$AH14,設定!$B$5:$B$20),設定!$H$5:$H$20)) | E13: =IF($A13="","",SUMPRODUCT(COUNTIF(班表!$D14:$AH14,設定!$B$5:$B$20),設定!$F$5:$F$20)) | F13: =IF($A13="","",SUMPRODUCT(COUNTIF(班表!$D14:$AH14,設定!$B$5:$B$20),設定!$G$5:$G$20)) | G13: =IF($A13="","",COUNTIF(班表!$D14:$AH14,"OFF")) | H13: =IF($A13="","",COUNTIF(班表!$D14:$AH14,"特")) | I13: =IF($A13="","",COUNTIF(班表!$D14:$AH14,"病")) | J13: =IF($A13="","",COUNTIF(班表!$D14:$AH14,"事")) | K13: =IF($A13="","",COUNTIF(班表!$D14:$AH14,"公")) | L13: =IF($A13="","",COUNTIF(班表!$D14:$AH14,"國")) | M13: =IF($A13="","",COUNTIF(班表!$D14:$AH14,"支")) | N13: 0 | O13: =IF($A13="","",$E13+$N13) | P13: =IF($A13="","",IF(COUNTA(班表!$D14:$AH14)=DAY(EOMONTH(DATE(班表!$E$2,班表!$G$2,1),0)),"OK","⚠ 缺"&(DAY(EOMONTH(DATE(班表!$E$2,班表!$G$2,1),0))-COUNTA(班表!$D14:$AH14))&"天"))
A14: =IF(班表!$A15="","",班表!$A15) | B14: =IF($A14="","",班表!$B15) | C14: =IF($A14="","",班表!$C15) | D14: =IF($A14="","",SUMPRODUCT(COUNTIF(班表!$D15:$AH15,設定!$B$5:$B$20),設定!$H$5:$H$20)) | E14: =IF($A14="","",SUMPRODUCT(COUNTIF(班表!$D15:$AH15,設定!$B$5:$B$20),設定!$F$5:$F$20)) | F14: =IF($A14="","",SUMPRODUCT(COUNTIF(班表!$D15:$AH15,設定!$B$5:$B$20),設定!$G$5:$G$20)) | G14: =IF($A14="","",COUNTIF(班表!$D15:$AH15,"OFF")) | H14: =IF($A14="","",COUNTIF(班表!$D15:$AH15,"特")) | I14: =IF($A14="","",COUNTIF(班表!$D15:$AH15,"病")) | J14: =IF($A14="","",COUNTIF(班表!$D15:$AH15,"事")) | K14: =IF($A14="","",COUNTIF(班表!$D15:$AH15,"公")) | L14: =IF($A14="","",COUNTIF(班表!$D15:$AH15,"國")) | M14: =IF($A14="","",COUNTIF(班表!$D15:$AH15,"支")) | N14: 0 | O14: =IF($A14="","",$E14+$N14) | P14: =IF($A14="","",IF(COUNTA(班表!$D15:$AH15)=DAY(EOMONTH(DATE(班表!$E$2,班表!$G$2,1),0)),"OK","⚠ 缺"&(DAY(EOMONTH(DATE(班表!$E$2,班表!$G$2,1),0))-COUNTA(班表!$D15:$AH15))&"天"))
A15: =IF(班表!$A16="","",班表!$A16) | B15: =IF($A15="","",班表!$B16) | C15: =IF($A15="","",班表!$C16) | D15: =IF($A15="","",SUMPRODUCT(COUNTIF(班表!$D16:$AH16,設定!$B$5:$B$20),設定!$H$5:$H$20)) | E15: =IF($A15="","",SUMPRODUCT(COUNTIF(班表!$D16:$AH16,設定!$B$5:$B$20),設定!$F$5:$F$20)) | F15: =IF($A15="","",SUMPRODUCT(COUNTIF(班表!$D16:$AH16,設定!$B$5:$B$20),設定!$G$5:$G$20)) | G15: =IF($A15="","",COUNTIF(班表!$D16:$AH16,"OFF")) | H15: =IF($A15="","",COUNTIF(班表!$D16:$AH16,"特")) | I15: =IF($A15="","",COUNTIF(班表!$D16:$AH16,"病")) | J15: =IF($A15="","",COUNTIF(班表!$D16:$AH16,"事")) | K15: =IF($A15="","",COUNTIF(班表!$D16:$AH16,"公")) | L15: =IF($A15="","",COUNTIF(班表!$D16:$AH16,"國")) | M15: =IF($A15="","",COUNTIF(班表!$D16:$AH16,"支")) | N15: 0 | O15: =IF($A15="","",$E15+$N15) | P15: =IF($A15="","",IF(COUNTA(班表!$D16:$AH16)=DAY(EOMONTH(DATE(班表!$E$2,班表!$G$2,1),0)),"OK","⚠ 缺"&(DAY(EOMONTH(DATE(班表!$E$2,班表!$G$2,1),0))-COUNTA(班表!$D16:$AH16))&"天"))
A16: =IF(班表!$A17="","",班表!$A17) | B16: =IF($A16="","",班表!$B17) | C16: =IF($A16="","",班表!$C17) | D16: =IF($A16="","",SUMPRODUCT(COUNTIF(班表!$D17:$AH17,設定!$B$5:$B$20),設定!$H$5:$H$20)) | E16: =IF($A16="","",SUMPRODUCT(COUNTIF(班表!$D17:$AH17,設定!$B$5:$B$20),設定!$F$5:$F$20)) | F16: =IF($A16="","",SUMPRODUCT(COUNTIF(班表!$D17:$AH17,設定!$B$5:$B$20),設定!$G$5:$G$20)) | G16: =IF($A16="","",COUNTIF(班表!$D17:$AH17,"OFF")) | H16: =IF($A16="","",COUNTIF(班表!$D17:$AH17,"特")) | I16: =IF($A16="","",COUNTIF(班表!$D17:$AH17,"病")) | J16: =IF($A16="","",COUNTIF(班表!$D17:$AH17,"事")) | K16: =IF($A16="","",COUNTIF(班表!$D17:$AH17,"公")) | L16: =IF($A16="","",COUNTIF(班表!$D17:$AH17,"國")) | M16: =IF($A16="","",COUNTIF(班表!$D17:$AH17,"支")) | N16: 0 | O16: =IF($A16="","",$E16+$N16) | P16: =IF($A16="","",IF(COUNTA(班表!$D17:$AH17)=DAY(EOMONTH(DATE(班表!$E$2,班表!$G$2,1),0)),"OK","⚠ 缺"&(DAY(EOMONTH(DATE(班表!$E$2,班表!$G$2,1),0))-COUNTA(班表!$D17:$AH17))&"天"))
... A34: =IF(班表!$A35="","",班表!$A35) | B34: =IF($A34="","",班表!$B35) | C34: =IF($A34="","",班表!$C35) | D34: =IF($A34="","",SUMPRODUCT(COUNTIF(班表!$D35:$AH35,設定!$B$5:$B$20),設定!$H$5:$H$20)) | E34: =IF($A34="","",SUMPRODUCT(COUNTIF(班表!$D35:$AH35,設定!$B$5:$B$20),設定!$F$5:$F$20)) | F34: =IF($A34="","",SUMPRODUCT(COUNTIF(班表!$D35:$AH35,設定!$B$5:$B$20),設定!$G$5:$G$20)) | G34: =IF($A34="","",COUNTIF(班表!$D35:$AH35,"OFF")) | H34: =IF($A34="","",COUNTIF(班表!$D35:$AH35,"特")) | I34: =IF($A34="","",COUNTIF(班表!$D35:$AH35,"病")) | J34: =IF($A34="","",COUNTIF(班表!$D35:$AH35,"事")) | K34: =IF($A34="","",COUNTIF(班表!$D35:$AH35,"公")) | L34: =IF($A34="","",COUNTIF(班表!$D35:$AH35,"國")) | M34: =IF($A34="","",COUNTIF(班表!$D35:$AH35,"支")) | N34: 0 | O34: =IF($A34="","",$E34+$N34) | P34: =IF($A34="","",IF(COUNTA(班表!$D35:$AH35)=DAY(EOMONTH(DATE(班表!$E$2,班表!$G$2,1),0)),"OK","⚠ 缺"&(DAY(EOMONTH(DATE(班表!$E$2,班表!$G$2,1),0))-COUNTA(班表!$D35:$AH35))&"天"))
A35: 合計 | D35: =SUM(D5:D34) | E35: =SUM(E5:E34) | F35: =SUM(F5:F34) | G35: =SUM(G5:G34) | H35: =SUM(H5:H34) | I35: =SUM(I5:I34) | J35: =SUM(J5:J34) | K35: =SUM(K5:K34) | ... O35: =SUM(O5:O34)
A37: ※ 出勤天數/排班工時/總診次 = 依「設定」分頁的班別代碼權重自動加總,改代碼權重這裡就會跟著變。
A38: ※ 加班時數(N 欄)請由打卡機或簽到紀錄填入,本表不會自己算 —— 預排班表不等於實際出勤。
A39: ※ 檢核欄顯示「⚠ 缺 N 天」代表該員當月還有 N 天沒排班,交表前要補完。
